+Articles 	 astrophysics/articles/
+Astrophysics 	 astrophysics/
+MT 	 astrophysics/articles/MT/
+परिचयः 	 
Some ruminations on 	 astrophysics/articles/MT/2023-02-20_some-ruminations-on-asteroids-and-meteoritic-falls/
+Articles 	 naxatram/chAndra-naxatram/meta/articles/
+MT 	 naxatram/chAndra-naxatram/meta/articles/MT/
+अधि-चान्द्र-नक्षत्रम् 	 naxatram/chAndra-naxatram/meta/
+चान्द्र-नक्षत्रम् 	 naxatram/chAndra-naxatram/
+नक्षत्रम् 	 naxatram/
A note on the asterisms forming the nakṣatra-s 	 naxatram/chAndra-naxatram/meta/articles/MT/2017-07-01_a-note-on-the-asterisms-forming-the-nake1b9a3atra-s/
+Articles 	 astrophysics/history/articles/
+इतिहासः 	 astrophysics/history/
+मानसतरङ्गिणीकृल्-लेखाः 	 astrophysics/history/articles/MT/
The oldest surviving planetary ritual of the Hindus 	 astrophysics/history/articles/MT/2010-02-18_the-oldest-surviving-planetary-ritual-of-the-hindu/
nakShatra homa as per the kAThaka yajurvedins 	 naxatram/chAndra-naxatram/meta/articles/MT/2007-12-07_nakshatra-homa-as-per-the-kathaka-yajurvedins/
+Articles 	 observation/history/hindu/eclipse/articles/
+Hindu 	 observation/history/hindu/
+History 	 observation/history/
+MT 	 observation/history/hindu/eclipse/articles/MT/
+Observations 	 observation/
+ग्रहणम् / उपरागः 	 observation/history/hindu/eclipse/
dIvAkIrtya-s, eclipses and severed heads 	 observation/history/hindu/eclipse/articles/MT/2007-01-18_divakirtya-s-eclipses-and-severed-heads/
+Articles 	 observation/history/hindu/precession_records/equinoctial_records/articles/
+Equinoctial records 	 observation/history/hindu/precession_records/equinoctial_records/
+Precession records 	 observation/history/hindu/precession_records/
+मानसतरङ्गिणीकृल्-लेखाः 	 observation/history/hindu/precession_records/equinoctial_records/articles/MT/
The crashing doors 	 observation/history/hindu/precession_records/equinoctial_records/articles/MT/2007-01-15_the-crashing-doors/
+Articles 	 kAla-mAnam/history/articles/
+History 	 kAla-mAnam/history/
+काल-मानम् 	 kAla-mAnam/
+मानसतरङ्गिणीकृल्-लेखाः 	 kAla-mAnam/history/articles/MT/
vedA~Nga jyotiSha and other ramblings on early Hindu calenders 	 kAla-mAnam/history/articles/MT/2006-12-02_vedanga-jyotisha-and-other-ramblings-on-early-hindu-calenders/
The crossing of ashmanvatI 	 naxatram/chAndra-naxatram/meta/articles/MT/2006-11-26_the-crossing-of-ashmanvati/
The path of fire 	 observation/history/hindu/precession_records/equinoctial_records/articles/MT/2006-11-21_the-path-of-fire/
rohiNI shakaTa bheda 	 naxatram/chAndra-naxatram/meta/articles/MT/2006-09-04_rohini-shakata-bheda/
The nakshatra kalpa of the Atharva veda 	 naxatram/chAndra-naxatram/meta/articles/MT/2005-11-27_the-nakshatra-kalpa-of-the-atharva-veda/
The quest for faint objects 	 astrophysics/articles/MT/2005-10-02_the-quest-for-faint-objects/
+Articles 	 observation/history/hindu/articles/
+मानसतरङ्गिणीकृल्-लेखाः 	 observation/history/hindu/articles/MT/
Nebra Star Disc and Indo-European Archaeoastronomy 	 observation/history/hindu/articles/MT/2005-09-15_nebra-star-disc-and-indo-european-archaeoastronomy/
The Planetary nebula hunt 	 astrophysics/articles/MT/2005-09-06_the-planetary-nebula-hunt/
The Finnish Epic 	 observation/history/hindu/precession_records/equinoctial_records/articles/MT/2005-09-05_the-finnish-epic/
Johannes Kepler 	 observation/history/hindu/articles/MT/2005-08-14_johannes-kepler/
indra stuti 	 observation/history/hindu/precession_records/equinoctial_records/articles/MT/2005-05-30_indra-stuti/
Comet Machholz 2004 	 naxatram/chAndra-naxatram/meta/articles/MT/2004-12-16_comet-machholz-2004/
Indians:a bunch of idiots? 	 observation/history/hindu/articles/MT/2003-09-28_indiansa-bunch-of-idiots/
rohiNi’s cart 	 naxatram/chAndra-naxatram/meta/articles/MT/2003-08-17_rohinis-cart/
+01 Intro 	 kAla-mAnam/history/articles/calendar_reform_comittee_report/01_Intro/
+01 Introductory 	 kAla-mAnam/history/articles/calendar_reform_comittee_report/02_PART-A/01_Introductory/
+02 General Principles of Calendar Making 	 kAla-mAnam/history/articles/calendar_reform_comittee_report/04_PART_C_History_of_the_Calendar/02_General_Principles/
+02 PART-A 	 kAla-mAnam/history/articles/calendar_reform_comittee_report/02_PART-A/
+03 FINAL RECOMMENDATIONS 	 kAla-mAnam/history/articles/calendar_reform_comittee_report/02_PART-A/03_FINAL_RECOMMENDATIONS/
+03 The Solar Calendar 	 kAla-mAnam/history/articles/calendar_reform_comittee_report/04_PART_C_History_of_the_Calendar/03_The_Solar_Calendar/
+04 PART C History of the Calendar in different Countries through the Ages 	 kAla-mAnam/history/articles/calendar_reform_comittee_report/04_PART_C_History_of_the_Calendar/
+04 The Luni-Solar and Lunar Calendars 	 kAla-mAnam/history/articles/calendar_reform_comittee_report/04_PART_C_History_of_the_Calendar/04_Luni-Solar_and_Lunar/
+05 Calendaric Astronomy 	 kAla-mAnam/history/articles/calendar_reform_comittee_report/04_PART_C_History_of_the_Calendar/05_Calendaric_Astronomy/
+06 Indian Calendar 	 kAla-mAnam/history/articles/calendar_reform_comittee_report/04_PART_C_History_of_the_Calendar/06_Indian_Calendar/
+26 Appendices 	 observation/history/articles/Hamlets_Mill__Santillana_Dechend/26_Appendices/
+27 Notes 	 observation/history/articles/Hamlets_Mill__Santillana_Dechend/27_Notes/
+२७-विभागः 	 naxatram/chAndra-naxatram/27-vibhAgaH/
+Altar 	 astrophysics/history/images/altar/
+Artava-mAnam 	 kAla-mAnam/Artava-mAnam/
+Articles 	 kAla-mAnam/kauNDinyAyana/articles/
+Articles 	 observation/history/articles/
+Calendar committee report 	 kAla-mAnam/history/articles/calendar_reform_comittee_report/
+Direct acknowledgement 	 observation/history/hindu/precession_records/direct_acknowledgement/
+English 	 kAla-mAnam/kauNDinyAyana/articles/english/
+Equatorial 	 mAnam/images/equatorial/
+Hamlets mill 	 observation/history/articles/Hamlets_Mill__Santillana_Dechend/
+RNI 	 observation/history/hindu/articles/RNI/
+Tables 	 kAla-mAnam/history/articles/calendar_reform_comittee_report/tables/
+Temples 	 astrophysics/history/images/temples/
+Tilak: Orion 	 observation/history/hindu/articles/tilak-orion/
+Tipu 	 kAla-mAnam/history/articles/tipu/
+अनवमदर्शी-सङ्घराजः 	 kAla-mAnam/history/prakIrNam/anavamadarshI-sangharAjaH/
+आर्यभटः 	 kAla-mAnam/history/AryabhaTaH/
+ऐतिहासिक-चित्राणि 	 kAla-mAnam/history/articles/calendar_reform_comittee_report/images/
+ऐतिहासिक-चित्राणि 	 kAla-mAnam/kauNDinyAyana/images/
+कल्याणवर्मा 	 kAla-mAnam/history/prakIrNam/kalyANavarmA/
+कशिरामः 	 kAla-mAnam/history/prakIrNam/kashirAmaH/
+काक-सुभाषः 	 kAla-mAnam/history/articles/kAka-subhAShaH/
+कौण्डिन्यायन-मतम् 	 kAla-mAnam/kauNDinyAyana/
+गणेशकविः 	 kAla-mAnam/history/prakIrNam/gaNeshakaviH/
+गणेशदैवज्ञः 	 kAla-mAnam/history/prakIrNam/gaNeshadaivajnaH/
+चित्राणि 	 astrophysics/history/images/
+चित्राणि 	 astrophysics/images/
+चित्राणि 	 images/
+चित्राणि 	 mAnam/images/
+चित्राणि 	 observation/history/articles/Hamlets_Mill__Santillana_Dechend/images/
+चित्राणि 	 observation/history/hindu/articles/RNI/images/
+चित्राणि 	 observation/history/hindu/precession_records/images/
+ज्योतिषम् 	 kAla-mAnam/history/prakIrNam/
+नक्षत्रचित्राणि 	 astrophysics/history/images/zodiac_history/
+नटेशशास्त्री 	 kAla-mAnam/history/prakIrNam/naTeshashAstrI/
+नारायण-भट्टः 	 kAla-mAnam/history/prakIrNam/nArAyaNa-bhaTTaH/
+पण्डित विश्वम्भरः ज्योतिषार्णावः 	 kAla-mAnam/history/prakIrNam/paNDita_vishvambharaH_jyotiShArNAvaH/
+परमेश्वरः 	 kAla-mAnam/history/prakIrNam/parameshvaraH/
+पराशरः 	 kAla-mAnam/history/prakIrNam/parAsharaH/
+पृथुयशः 	 kAla-mAnam/history/prakIrNam/pRthuyashaH/
+पौराणिक-दर्शनम् 	 astrophysics/history/paurANika-darshanam/
+प्रजपतिदासदैवज्ञः 	 kAla-mAnam/history/prakIrNam/prajapatidAsadaivajnaH/
+ब्रह्मगुप्तः 	 kAla-mAnam/history/prakIrNam/brahmaguptaH/
+भास्कराचार्यः 	 kAla-mAnam/history/prakIrNam/bhAskarAchAryaH/
+मधुसूदनजी-शर्मा-ओझा 	 kAla-mAnam/history/prakIrNam/madhusUdanajI-sharmA-ojhA/
+मन्त्रेश्वरः 	 kAla-mAnam/history/prakIrNam/mantreshvaraH/
+महर्षि जैमिनिः 	 kAla-mAnam/history/prakIrNam/jaiminiH/
+महादेवः 	 kAla-mAnam/history/prakIrNam/mahAdevaH/
+महावीराचार्यः 	 kAla-mAnam/history/prakIrNam/mahAvIrAchAryaH/
+मानम् 	 mAnam/
+याजुष-ज्योतिषम् सुधाकर-भाष्य-सहितम् 	 kAla-mAnam/history/yAjuSha-jyotiSham_sudhAkara-bhAShya-sahitam/
+रङ्गनाथः 	 kAla-mAnam/history/prakIrNam/ranganAthaH/
+रामस्वरूप-शर्म्मा 	 kAla-mAnam/history/prakIrNam/rAmasvarUpa-sharmmA/
+राशयः 	 naxatram/chAndra-naxatram/12-vibhAgaH/
+वराहमिहिरः 	 kAla-mAnam/history/prakIrNam/varAhamihiraH/
+वराहमिहिरा 	 kAla-mAnam/history/prakIrNam/varAhamihirA/
+वराहमिहिराचार्यः 	 kAla-mAnam/history/prakIrNam/varAhamihirAchAryaH/
+विद्यामाधवः 	 kAla-mAnam/history/prakIrNam/vidyAmAdhavaH/
+विनायक-गणेश-आपटे 	 kAla-mAnam/history/prakIrNam/vinAyaka-gaNesha-ApaTe/
+शिवराजः 	 kAla-mAnam/history/prakIrNam/shivarAjaH/
+श्री कृष्णाचार्यरचितम् 	 kAla-mAnam/history/prakIrNam/shrI_kRShNAchAryarachitam/
+श्री भट्टोत्पलः 	 kAla-mAnam/history/prakIrNam/shrI_bhaTTotpalaH/
+श्री माधवाचार्यः 	 kAla-mAnam/history/prakIrNam/shrI_mAdhavAchAryaH/
+श्री।विन्ध्येश्वरी-प्रसाद-द्विवेदी 	 kAla-mAnam/history/prakIrNam/shrI.vindhyeshvarI-prasAda-dvivedI/
+श्रीगणेशकविः 	 kAla-mAnam/history/prakIrNam/shrIgaNeshakaviH/
+श्रीजानकीवल्लभः 	 kAla-mAnam/history/prakIrNam/shrIjAnakIvallabhaH/
+श्रीसिद्धश्रीकण्ठशम्भुः 	 kAla-mAnam/history/prakIrNam/shrIsiddhashrIkaNThashambhuH/
+संस्कृत-वाङमय का बृहद् इतिहास - ज्योतिषशास्त्र 	 kAla-mAnam/history/articles/saMskRta-vANmaya-bRhad-itihAsa/
+संस्कृतम् 	 kAla-mAnam/kauNDinyAyana/articles/sanskrit/
+सामन्तचन्द्रशेखरः 	 astrophysics/history/images/sAmanta-chandrashekharaH/
+सौरचान्द्रमानम् 	 kAla-mAnam/saura-chAndra-mAnam/
+सौरमानम् 	 kAla-mAnam/saura-mAnam/
0 Prehistory 	 observation/history/hindu/precession_records/0_Prehistory/
00 	 observation/history/articles/Hamlets_Mill__Santillana_Dechend/00/
01 	 observation/history/articles/Hamlets_Mill__Santillana_Dechend/26_Appendices/01/
01 	 observation/history/articles/Hamlets_Mill__Santillana_Dechend/27_Notes/01/
01 ANCIENT EGYPT 	 kAla-mAnam/history/articles/calendar_reform_comittee_report/04_PART_C_History_of_the_Calendar/03_The_Solar_Calendar/01_ANCIENT_EGYPT/
01 Calendars in use 	 kAla-mAnam/history/articles/calendar_reform_comittee_report/02_PART-A/01_Introductory/01_Calendars_in_use/
01 CIVIL CALENDAR 	 kAla-mAnam/history/articles/calendar_reform_comittee_report/02_PART-A/03_FINAL_RECOMMENDATIONS/01_CIVIL_CALENDAR/
01 Front matter 	 observation/history/hindu/articles/tilak-orion/01_Front_matter/
01 INTRODUCTION 	 kAla-mAnam/history/articles/calendar_reform_comittee_report/04_PART_C_History_of_the_Calendar/02_General_Principles/01_INTRODUCTION/
01 Nehru's MESSAGE 	 kAla-mAnam/history/articles/calendar_reform_comittee_report/01_Intro/01_Nehrus_MESSAGE/
01 PRINCIPLES OF LUNI-SOLAR CALENDARS 	 kAla-mAnam/history/articles/calendar_reform_comittee_report/04_PART_C_History_of_the_Calendar/04_Luni-Solar_and_Lunar/01_PRINCIPLES_OF_LUNI-SOLAR_CALENDARS/
01 The Chronicler's Tale 	 observation/history/articles/Hamlets_Mill__Santillana_Dechend/01_The_Chroniclers_Tale/
01 THE MOON'S MOVEMENT IN THE SKY 	 kAla-mAnam/history/articles/calendar_reform_comittee_report/04_PART_C_History_of_the_Calendar/05_Calendaric_Astronomy/01_THE_MOONS_MOVEMENT_IN_THE_SKY/
01 THE PERIODS IN INDIAN HISTORY 	 kAla-mAnam/history/articles/calendar_reform_comittee_report/04_PART_C_History_of_the_Calendar/06_Indian_Calendar/01_THE_PERIODS_IN_INDIAN_HISTORY/
०१ अयनचलनानुसारम् परिवर्तनम् 	 naxatram/chAndra-naxatram/meta/ayanachalanAnusAram_parivartanam/
०१ कृत्तिकाः 	 naxatram/chAndra-naxatram/27-vibhAgaH/01_kRttikAH/
01 मुखपृष्ठम् 	 kAla-mAnam/history/yAjuSha-jyotiSham_sudhAkara-bhAShya-sahitam/01_mukhapRShTham/
०१ वेदाङ्ग-ज्यौतिषम् 	 kAla-mAnam/history/articles/saMskRta-vANmaya-bRhad-itihAsa/01_vedAnga-jyautiSham/
02 	 observation/history/articles/Hamlets_Mill__Santillana_Dechend/26_Appendices/02/
02 	 observation/history/articles/Hamlets_Mill__Santillana_Dechend/27_Notes/02/
02 CALENDAR IN THE RIG-VEDIC AGE 	 kAla-mAnam/history/articles/calendar_reform_comittee_report/04_PART_C_History_of_the_Calendar/06_Indian_Calendar/02_CALENDAR_IN_THE_RIG-VEDIC_AGE/
02 Committee work 	 kAla-mAnam/history/articles/calendar_reform_comittee_report/02_PART-A/02_Committee_work/
02 Hindu religions: unified calendar 	 kAla-mAnam/history/articles/calendar_reform_comittee_report/02_PART-A/01_Introductory/02_Hindu_religions_unified_calendar/
02 LONG PERIOD OBSERVATIONS OF THE MOON - THE CHALDEAN SAROS 	 kAla-mAnam/history/articles/calendar_reform_comittee_report/04_PART_C_History_of_the_Calendar/05_Calendaric_Astronomy/02_THE_MOON_-_THE_CHALDEAN_SAROS/
02 MEMBERS OF THE CALENDAR REFORM COMMITTEE 	 kAla-mAnam/history/articles/calendar_reform_comittee_report/01_Intro/02_MEMBERS_OF_THE_CALENDAR_REFORM_COMMITTEE/
02 MOON'S SYNOPIC PERIOD OR LUNATION : 	 kAla-mAnam/history/articles/calendar_reform_comittee_report/04_PART_C_History_of_the_Calendar/04_Luni-Solar_and_Lunar/02_MOONS_SYNOPIC_PERIOD_OR_LUNATION/
02 Natural periods of time 	 kAla-mAnam/history/articles/calendar_reform_comittee_report/04_PART_C_History_of_the_Calendar/02_General_Principles/02_Natural_periods_of_time/
02 OTHER ANCIENT NATIONS 	 kAla-mAnam/history/articles/calendar_reform_comittee_report/04_PART_C_History_of_the_Calendar/03_The_Solar_Calendar/02_OTHER_ANCIENT_NATIONS/
02 PREFACE 	 observation/history/hindu/articles/tilak-orion/02_PREFACE/
02 RELIGIOUS CALENDAR 	 kAla-mAnam/history/articles/calendar_reform_comittee_report/02_PART-A/03_FINAL_RECOMMENDATIONS/02_RELIGIOUS_CALENDAR/
02 The Figure in Finland 	 observation/history/articles/Hamlets_Mill__Santillana_Dechend/02_The_Figure_in_Finland/
02 पुरोवाक् 	 kAla-mAnam/history/yAjuSha-jyotiSham_sudhAkara-bhAShya-sahitam/02_purovAk/
०२ रोहिणी 	 naxatram/chAndra-naxatram/27-vibhAgaH/02_rohiNI/
०२ वेद-वेदांग एवं पुराणों में ज्योतिष 	 kAla-mAnam/history/articles/saMskRta-vANmaya-bRhad-itihAsa/02_veda-vedAMga_evaM_purANoM_meM_jyotiSha/
03 	 observation/history/articles/Hamlets_Mill__Santillana_Dechend/26_Appendices/03/
03 	 observation/history/articles/Hamlets_Mill__Santillana_Dechend/27_Notes/03/
03 BABYLONIANS, MACEDONIANS, ROMANS, AND JEWS 	 kAla-mAnam/history/articles/calendar_reform_comittee_report/04_PART_C_History_of_the_Calendar/04_Luni-Solar_and_Lunar/03_BABYLONIANS_MACEDONIANS_ROMANS_AND_JEWS/
03 CALENDARIC REFERENCES IN THE YAJUR VEDIC LITERATURE 	 kAla-mAnam/history/articles/calendar_reform_comittee_report/04_PART_C_History_of_the_Calendar/06_Indian_Calendar/03_CALENDARIC_REFERENCES_IN_THE_YAJUR_VEDIC_LITERATURE/
03 CONTENTS 	 observation/history/hindu/articles/tilak-orion/03_CONTENTS/
03 FURTHER RECOMMENDATIONS 	 kAla-mAnam/history/articles/calendar_reform_comittee_report/02_PART-A/03_FINAL_RECOMMENDATIONS/03_FURTHER_RECOMMENDATIONS/
03 LENGTHS OF THE SOLAR MONTHS : 	 kAla-mAnam/history/articles/calendar_reform_comittee_report/02_PART-A/01_Introductory/03_LENGTHS_OF_THE_SOLAR_MONTHS/
03 THE GNOMON 	 kAla-mAnam/history/articles/calendar_reform_comittee_report/04_PART_C_History_of_the_Calendar/05_Calendaric_Astronomy/03_THE_GNOMON/
03 THE IRANIAN CALENDAR 	 kAla-mAnam/history/articles/calendar_reform_comittee_report/04_PART_C_History_of_the_Calendar/03_The_Solar_Calendar/03_THE_IRANIAN_CALENDAR/
03 The Iranian Parallel 	 observation/history/articles/Hamlets_Mill__Santillana_Dechend/03_The_Iranian_Parallel/
03 THE PROBLEMS OF THE CALENDAR 	 kAla-mAnam/history/articles/calendar_reform_comittee_report/04_PART_C_History_of_the_Calendar/02_General_Principles/03_THE_PROBLEMS_OF_THE_CALENDAR/
03 TRANSLITERATION 	 kAla-mAnam/history/articles/calendar_reform_comittee_report/01_Intro/03_TRANSLITERATION/
०३ भुवनकोश 	 kAla-mAnam/history/articles/saMskRta-vANmaya-bRhad-itihAsa/03_bhuvanakosha/
03 भूमिका 	 kAla-mAnam/history/yAjuSha-jyotiSham_sudhAkara-bhAShya-sahitam/03_bhUmikA/
०३ मृगशिरः 	 naxatram/chAndra-naxatram/27-vibhAgaH/03_mRgashiraH/
04 	 observation/history/articles/Hamlets_Mill__Santillana_Dechend/26_Appendices/04/
04 	 observation/history/articles/Hamlets_Mill__Santillana_Dechend/27_Notes/04/
04 Dissent by Dr K L Daftari 	 kAla-mAnam/history/articles/calendar_reform_comittee_report/02_PART-A/03_FINAL_RECOMMENDATIONS/04_Dissent_by_Dr_K_L_Daftari/
04 INTRODUCTION 	 observation/history/hindu/articles/tilak-orion/04_INTRODUCTION/
04 NIGHT OBSERVATIONS : THE CELESTIAL POLE AND THE EQUATOR 	 kAla-mAnam/history/articles/calendar_reform_comittee_report/04_PART_C_History_of_the_Calendar/05_Calendaric_Astronomy/04_NIGHT_OBSERVATIONS_THE_CELESTIAL/
04 PREFACE 	 kAla-mAnam/history/articles/calendar_reform_comittee_report/01_Intro/04_PREFACE/
04 SUBDIVISIONS OF THE DAY 	 kAla-mAnam/history/articles/calendar_reform_comittee_report/04_PART_C_History_of_the_Calendar/02_General_Principles/04_SUBDIVISIONS_OF_THE_DAY/
04 THE FRENCH REVOLUTION CALENDAR 	 kAla-mAnam/history/articles/calendar_reform_comittee_report/04_PART_C_History_of_the_Calendar/03_The_Solar_Calendar/04_THE_FRENCH_REVOLUTION_CALENDAR/
04 THE INTRODUCTION OF THE ERA 	 kAla-mAnam/history/articles/calendar_reform_comittee_report/04_PART_C_History_of_the_Calendar/04_Luni-Solar_and_Lunar/04_THE_INTRODUCTION_OF_THE_ERA/
04 THE LUNAR CALENDAR : 	 kAla-mAnam/history/articles/calendar_reform_comittee_report/02_PART-A/01_Introductory/04_THE_LUNAR_CALENDAR/
04 THE Vedānga Jyōtiṣa CALENDAR 	 kAla-mAnam/history/articles/calendar_reform_comittee_report/04_PART_C_History_of_the_Calendar/06_Indian_Calendar/04_THE_VEDANGA_JYOTISHA_CALENDAR/
०४ अयनांशचयनम् 	 naxatram/chAndra-naxatram/meta/ayanAMshachayanam/
०४ आर्द्रा 	 naxatram/chAndra-naxatram/27-vibhAgaH/04_ArdrA/
04 उपोद्घातः 	 kAla-mAnam/history/yAjuSha-jyotiSham_sudhAkara-bhAShya-sahitam/04_upodghAtaH/
०४ स्वरविद्या 	 kAla-mAnam/history/articles/saMskRta-vANmaya-bRhad-itihAsa/04_svaravidyA/
04.0 History, Myth and Reality 	 observation/history/articles/Hamlets_Mill__Santillana_Dechend/04-0_History_Myth_and_Reality/
04.1 INTERMEZZO — A Guide for the Perplexed 	 observation/history/articles/Hamlets_Mill__Santillana_Dechend/04-1_INTERMEZZO_A_Guide_for_the_Perplexed/
05 	 observation/history/articles/Hamlets_Mill__Santillana_Dechend/26_Appendices/05/
05 	 observation/history/articles/Hamlets_Mill__Santillana_Dechend/27_Notes/05/
05 Effect of Indian Lunar Calendars 	 kAla-mAnam/history/articles/calendar_reform_comittee_report/02_PART-A/01_Introductory/05_Effect_of_Indian_Lunar_Calendars/
05 Foreview 	 kAla-mAnam/history/articles/calendar_reform_comittee_report/04_PART_C_History_of_the_Calendar/02_General_Principles/05_Foreview/
05 INSCRIPTIONAL RECORDS ABOUT CALENDAR 	 kAla-mAnam/history/articles/calendar_reform_comittee_report/04_PART_C_History_of_the_Calendar/06_Indian_Calendar/05_INSCRIPTIONAL_RECORDS_ABOUT_CALENDAR/
05 SACRIFICE alias THE YEAR 	 observation/history/hindu/articles/tilak-orion/05_SACRIFICE_alias_THE_YEAR/
05 THE ECLIPTIC 	 kAla-mAnam/history/articles/calendar_reform_comittee_report/04_PART_C_History_of_the_Calendar/05_Calendaric_Astronomy/05_THE_APPARENT_PATH_OF_THE_SUN/
05 The Parthian Era 	 kAla-mAnam/history/articles/calendar_reform_comittee_report/04_PART_C_History_of_the_Calendar/04_Luni-Solar_and_Lunar/05_The_Parthian_Era/
05 THE ROMAN CALENDAR 	 kAla-mAnam/history/articles/calendar_reform_comittee_report/04_PART_C_History_of_the_Calendar/03_The_Solar_Calendar/05_ROMAN/
05 The Unfolding in India 	 observation/history/articles/Hamlets_Mill__Santillana_Dechend/05_The_Unfolding_in_India/
०५ अयनांशाः 	 naxatram/chAndra-naxatram/meta/ayanAMshAH/
०५ पुनर्वसू 	 naxatram/chAndra-naxatram/27-vibhAgaH/05_punarvasU/
05 याजुषज्यौतिषम् 	 kAla-mAnam/history/yAjuSha-jyotiSham_sudhAkara-bhAShya-sahitam/05_yAjuShajyautiSham/
०५ वास्तुविद्या 	 kAla-mAnam/history/articles/saMskRta-vANmaya-bRhad-itihAsa/05_vAstuvidyA/
06 	 observation/history/articles/Hamlets_Mill__Santillana_Dechend/26_Appendices/06/
06 	 observation/history/articles/Hamlets_Mill__Santillana_Dechend/27_Notes/06/
06 Ahargaṇa OR HEAP OF DAYS : JULIAN DAYS 	 kAla-mAnam/history/articles/calendar_reform_comittee_report/04_PART_C_History_of_the_Calendar/02_General_Principles/06_Ahargaa_OR_HEAP_OF_DAYS_JULIAN_DAYS/
06 Amlodhi's Quern 	 observation/history/articles/Hamlets_Mill__Santillana_Dechend/06_Amlodhis_Quern/
06 SOLAR CALENDAR IN THE SiddhAnta JYOTISHA PERIOD 	 kAla-mAnam/history/articles/calendar_reform_comittee_report/04_PART_C_History_of_the_Calendar/06_Indian_Calendar/06_SOLAR_CALENDAR_IN_THE_SiddhAnta_JYOTISHA_PERIOD/
06 THE GREGORIAN CALENDAR 	 kAla-mAnam/history/articles/calendar_reform_comittee_report/04_PART_C_History_of_the_Calendar/03_The_Solar_Calendar/06_THE_GREGORIAN_CALENDAR/
06 THE JEWISH CALENDAR 	 kAla-mAnam/history/articles/calendar_reform_comittee_report/04_PART_C_History_of_the_Calendar/04_Luni-Solar_and_Lunar/06_THE_JEWISH_CALENDAR/
06 THE KRTTIKAS 	 observation/history/hindu/articles/tilak-orion/06_THE_KRTTIKAS/
06 THE ZODIAC AND THE SIGNS 	 kAla-mAnam/history/articles/calendar_reform_comittee_report/04_PART_C_History_of_the_Calendar/05_Calendaric_Astronomy/06_THE_ZODIAC_AND_THE_SIGNS/
06 आर्चज्यौतिषम् 	 kAla-mAnam/history/yAjuSha-jyotiSham_sudhAkara-bhAShya-sahitam/06_ArchajyautiSham/
०६ काल विधान 	 kAla-mAnam/history/articles/saMskRta-vANmaya-bRhad-itihAsa/06_kAla_vidhAna/
०६ तिष्यः 	 naxatram/chAndra-naxatram/27-vibhAgaH/06_tiShyaH/
०६ नक्षत्रपुरुषः 	 naxatram/chAndra-naxatram/meta/naxatrapuruShaH/
07 	 observation/history/articles/Hamlets_Mill__Santillana_Dechend/26_Appendices/07/
07 	 observation/history/articles/Hamlets_Mill__Santillana_Dechend/27_Notes/07/
07 AGRAHAYANA 	 observation/history/hindu/articles/tilak-orion/07_AGRAHAYANA/
07 ANNEXURE I PROCEEDINGS OF THE FIRST MEETING 	 kAla-mAnam/history/articles/calendar_reform_comittee_report/02_PART-A/07_ANNEXURE_I_PROCEEDINGS_OF_THE_FIRST_MEETING/
07 CHALDEAN CONTRIBUTIONS TO ASTRONOMY : RISE OF PLANETARY AND HOROSCOPIC ASTROLOGY 	 kAla-mAnam/history/articles/calendar_reform_comittee_report/04_PART_C_History_of_the_Calendar/05_Calendaric_Astronomy/07_CHALDEAN_CONTRIBUTIONS_HOROSCOPIC_ASTROLOGY/
07 THE ISLAMIC CALENDAR 	 kAla-mAnam/history/articles/calendar_reform_comittee_report/04_PART_C_History_of_the_Calendar/04_Luni-Solar_and_Lunar/07_THE_ISLAMIC_CALENDAR/
07 THE LUNAR CALENDAR IN THE SiddhAnta JYOTISHA PERIOD 	 kAla-mAnam/history/articles/calendar_reform_comittee_report/04_PART_C_History_of_the_Calendar/06_Indian_Calendar/07_THE_LUNAR_CALENDAR_IN_THE_SiddhAnta_JYOTISHA_PERIOD/
07 The Many-Colored Cover 	 observation/history/articles/Hamlets_Mill__Santillana_Dechend/07_The_Many-Colored_Cover/
07 THE WORLD CALENDAR 	 kAla-mAnam/history/articles/calendar_reform_comittee_report/04_PART_C_History_of_the_Calendar/03_The_Solar_Calendar/07_THE_WORLD_CALENDAR/
०७ आश्रेषा 	 naxatram/chAndra-naxatram/27-vibhAgaH/07_AshreShA/
०७ ग्रहण चन्द्र सूर्य पृथ्वी 	 kAla-mAnam/history/articles/saMskRta-vANmaya-bRhad-itihAsa/07_grahaNa_chandra_sUrya_pRthvI/
08 	 observation/history/articles/Hamlets_Mill__Santillana_Dechend/26_Appendices/08/
08 	 observation/history/articles/Hamlets_Mill__Santillana_Dechend/27_Notes/08/
08 ANNEXURE II PROCEEDINGS OF THE SECOND MEETING 	 kAla-mAnam/history/articles/calendar_reform_comittee_report/02_PART-A/08_ANNEXURE_II_PROCEEDINGS_OF_THE_SECOND_MEETING/
08 GREEK CONTRIBUTION TO ASTRONOMY 	 kAla-mAnam/history/articles/calendar_reform_comittee_report/04_PART_C_History_of_the_Calendar/05_Calendaric_Astronomy/08_GREEK_CONTRIBUTION_TO_ASTRONOMY/
08 INDIAN ERAS 	 kAla-mAnam/history/articles/calendar_reform_comittee_report/04_PART_C_History_of_the_Calendar/06_Indian_Calendar/08_INDIAN_ERAS/
08 Shamans and Smiths 	 observation/history/articles/Hamlets_Mill__Santillana_Dechend/08_Shamans_and_Smiths/
08 THE ANTELOPE'S HEAD 	 observation/history/hindu/articles/tilak-orion/08_THE_ANTELOPES_HEAD/
०८ भारतीय पञ्चाङ्ग 	 kAla-mAnam/history/articles/saMskRta-vANmaya-bRhad-itihAsa/08_bhAratIya_panchAnga/
०८ मघाः 	 naxatram/chAndra-naxatram/27-vibhAgaH/08_maghAH/
09 	 observation/history/articles/Hamlets_Mill__Santillana_Dechend/26_Appendices/09/
09 	 observation/history/articles/Hamlets_Mill__Santillana_Dechend/27_Notes/09/
09 Amlodhi the Titan and His Spinning Top 	 observation/history/articles/Hamlets_Mill__Santillana_Dechend/09_Amlodhi_the_Titan_and_His_Spinning_Top/
09 ANNEXURE III PROCEEDINGS OF THE THIRD MEETING 	 kAla-mAnam/history/articles/calendar_reform_comittee_report/02_PART-A/09_ANNEXURE_III_PROCEEDINGS_OF_THE_THIRD_MEETING/
09 AP 5A The Seasons 	 kAla-mAnam/history/articles/calendar_reform_comittee_report/04_PART_C_History_of_the_Calendar/06_Indian_Calendar/09_AP_5A_The_Seasons/
09 DISCOVERY OF THE PRECESSION OF THE EQUINOXES 	 kAla-mAnam/history/articles/calendar_reform_comittee_report/04_PART_C_History_of_the_Calendar/05_Calendaric_Astronomy/09_THE_PRECESSION_OF_THE_EQUINOXES/
09 ORION AND HIS BELT 	 observation/history/hindu/articles/tilak-orion/09_ORION_AND_HIS_BELT/
०९ फाल्गुन्यः 	 naxatram/chAndra-naxatram/27-vibhAgaH/09_phAlgunyaH/
०९ वराहमिहिर और पञ्चसिद्धान्तिका 	 kAla-mAnam/history/articles/saMskRta-vANmaya-bRhad-itihAsa/09_varAhamihira_aura_panchasiddhAntikA/
1 Soni-lunar uttarAyaNa year-beginning 	 kAla-mAnam/kauNDinyAyana/articles/english/chronology_1_year_begins_with_tropical_mAgha/
१ आर्तवमाघमासाद् वत्सरारम्भः 	 kAla-mAnam/kauNDinyAyana/articles/sanskrit/kAlagaNanA_1_Artava-mAgha-mAsAd_varSham/
10 	 observation/history/articles/Hamlets_Mill__Santillana_Dechend/26_Appendices/10/
10 	 observation/history/articles/Hamlets_Mill__Santillana_Dechend/27_Notes/10/
10 ANNEXURE IV Dissent by K L Daftari - reasons 	 kAla-mAnam/history/articles/calendar_reform_comittee_report/02_PART-A/10_ANNEXURE_IV_Dissent_by_K_L_Daftari_-_reasons/
10 AP 5-B Zero-point of the Hindu Zodiac 	 kAla-mAnam/history/articles/calendar_reform_comittee_report/04_PART_C_History_of_the_Calendar/06_Indian_Calendar/10_AP_5-B_Zero-point_of_the_Hindu_Zodiac/
10 RIBHUS AND VRISHAKAPI 	 observation/history/hindu/articles/tilak-orion/10_RBHUS_AND_VRSHAKAPI/
10 The Twilight of the Gods 	 observation/history/articles/Hamlets_Mill__Santillana_Dechend/10_The_Twilight_of_the_Gods/
१० दृग्गणित 	 kAla-mAnam/history/articles/saMskRta-vANmaya-bRhad-itihAsa/10_dRggaNita/
१० फाल्गुन्यः 	 naxatram/chAndra-naxatram/27-vibhAgaH/10_phAlgunyaH/
11 	 observation/history/articles/Hamlets_Mill__Santillana_Dechend/26_Appendices/11/
11 	 observation/history/articles/Hamlets_Mill__Santillana_Dechend/27_Notes/11/
11 ANNEXURE V LIST OF PANCANGAS RECEIVED 	 kAla-mAnam/history/articles/calendar_reform_comittee_report/02_PART-A/11_ANNEXURE_V_LIST_OF_PANCANGAS_RECEIVED/
11 APPENDIX 5-C Gnomon Measurements in Aitareya Brahmana 	 kAla-mAnam/history/articles/calendar_reform_comittee_report/04_PART_C_History_of_the_Calendar/06_Indian_Calendar/11_APPENDIX_5-C_Gnomon_Measurements_in_Aitareya_Brahmana/
11 CONCLUSION 	 observation/history/hindu/articles/tilak-orion/11_CONCLUSION/
11 Samson Under Many Skies 	 observation/history/articles/Hamlets_Mill__Santillana_Dechend/11_Samson_Under_Many_Skies/
११ वेध एवं वेधशालाओं की परम्परा 	 kAla-mAnam/history/articles/saMskRta-vANmaya-bRhad-itihAsa/11_vedha_evaM_vedhashAlAoM_kI_paramparA/
११ हस्तः 	 naxatram/chAndra-naxatram/27-vibhAgaH/11_hastaH/
12 	 observation/history/articles/Hamlets_Mill__Santillana_Dechend/26_Appendices/12/
12 	 observation/history/articles/Hamlets_Mill__Santillana_Dechend/27_Notes/12/
12 ANNEXURE VI Survey 	 kAla-mAnam/history/articles/calendar_reform_comittee_report/02_PART-A/12_ANNEXURE_VI_Survey/
12 AP 5-D Precession of the Equinoxes amongst Indian Astronomers 	 kAla-mAnam/history/articles/calendar_reform_comittee_report/04_PART_C_History_of_the_Calendar/06_Indian_Calendar/12_AP_5-D_Precession_of_the_Equinoxes_amongst_Indian_Astronomers/
12 APPENDIX 	 observation/history/hindu/articles/tilak-orion/12_APPENDIX/
12 Lunar mansions 	 kAla-mAnam/history/articles/calendar_reform_comittee_report/04_PART_C_History_of_the_Calendar/05_Calendaric_Astronomy/11_lunar_mansions/
12 Socrates' Last Tale 	 observation/history/articles/Hamlets_Mill__Santillana_Dechend/12_Socrates_Last_Tale/
१२ अरबी एवं भारतीय ज्योतिष 	 kAla-mAnam/history/articles/saMskRta-vANmaya-bRhad-itihAsa/12_arabI_evaM_bhAratIya_jyotiSha/
१२ चित्रा 	 naxatram/chAndra-naxatram/27-vibhAgaH/12_chitrA/
13 	 observation/history/articles/Hamlets_Mill__Santillana_Dechend/26_Appendices/13/
13 	 observation/history/articles/Hamlets_Mill__Santillana_Dechend/27_Notes/13/
13 ANNEXURE VII Summary of suggestions 	 kAla-mAnam/history/articles/calendar_reform_comittee_report/02_PART-A/13_ANNEXURE_VII_Summary_of_suggestions/
13 APPENDIX 5-E The Jovian Years 	 kAla-mAnam/history/articles/calendar_reform_comittee_report/04_PART_C_History_of_the_Calendar/06_Indian_Calendar/13_APPENDIX_5-E_The_Jovian_Years/
13 Of Time and the Rivers 	 observation/history/articles/Hamlets_Mill__Santillana_Dechend/13_Of_Time_and_the_Rivers/
१३ आचार्य नीलकण्ठ तथा ज्ञानराज 	 kAla-mAnam/history/articles/saMskRta-vANmaya-bRhad-itihAsa/13_AchArya_nIlakaNTha_tathA_jnAnarAja/
१३ स्वातिः 	 naxatram/chAndra-naxatram/27-vibhAgaH/13_svAtiH/
14 	 observation/history/articles/Hamlets_Mill__Santillana_Dechend/26_Appendices/14/
14 	 observation/history/articles/Hamlets_Mill__Santillana_Dechend/27_Notes/14/
14 CORRIGENDA AND ADDENDA 	 kAla-mAnam/history/articles/calendar_reform_comittee_report/04_PART_C_History_of_the_Calendar/06_Indian_Calendar/14_CORRIGENDA_AND_ADDENDA/
14 The Whirlpool 	 observation/history/articles/Hamlets_Mill__Santillana_Dechend/14_The_Whirlpool/
१४ महामहोपाध्याय बापूदेवशास्त्रीः 	 kAla-mAnam/history/articles/saMskRta-vANmaya-bRhad-itihAsa/14_mahAmahopAdhyAya_bApUdevashAstrIH/
१४ विशाखे 	 naxatram/chAndra-naxatram/27-vibhAgaH/14_vishAkhe/
15 	 observation/history/articles/Hamlets_Mill__Santillana_Dechend/26_Appendices/15/
15 	 observation/history/articles/Hamlets_Mill__Santillana_Dechend/27_Notes/15/
15 BIBLIOGRAPHY 	 kAla-mAnam/history/articles/calendar_reform_comittee_report/04_PART_C_History_of_the_Calendar/06_Indian_Calendar/15_BIBLIOGRAPHY/
15 The Waters from the Deep 	 observation/history/articles/Hamlets_Mill__Santillana_Dechend/15_The_Waters_from_the_Deep/
१५ अनुराधाः 	 naxatram/chAndra-naxatram/27-vibhAgaH/15_anurAdhAH/
१५ महामहोपाध्याय सुधाकर द्विवेदी 	 kAla-mAnam/history/articles/saMskRta-vANmaya-bRhad-itihAsa/15_mahAmahopAdhyAya_sudhAkara_dvivedI/
16 	 observation/history/articles/Hamlets_Mill__Santillana_Dechend/26_Appendices/16/
16 	 observation/history/articles/Hamlets_Mill__Santillana_Dechend/27_Notes/16/
16 INDEX 	 kAla-mAnam/history/articles/calendar_reform_comittee_report/04_PART_C_History_of_the_Calendar/06_Indian_Calendar/16_INDEX/
16 The Stone and the Tree 	 observation/history/articles/Hamlets_Mill__Santillana_Dechend/16_The_Stone_and_the_Tree/
१६ ज्येष्ठा 	 naxatram/chAndra-naxatram/27-vibhAgaH/16_jyeShThA/
१६ संहितास्कन्ध 	 kAla-mAnam/history/articles/saMskRta-vANmaya-bRhad-itihAsa/16_saMhitAskandha/
17 	 observation/history/articles/Hamlets_Mill__Santillana_Dechend/26_Appendices/17/
17 	 observation/history/articles/Hamlets_Mill__Santillana_Dechend/27_Notes/17/
17 The Frame of the Cosmos 	 observation/history/articles/Hamlets_Mill__Santillana_Dechend/17_The_Frame_of_the_Cosmos/
१७ मूलम् 	 naxatram/chAndra-naxatram/27-vibhAgaH/17_mUlam/
१७ सामुद्रिक शास्त्र 	 kAla-mAnam/history/articles/saMskRta-vANmaya-bRhad-itihAsa/17_sAmudrika_shAstra/
18 	 observation/history/articles/Hamlets_Mill__Santillana_Dechend/26_Appendices/18/
18 	 observation/history/articles/Hamlets_Mill__Santillana_Dechend/27_Notes/18/
18 The Galaxy 	 observation/history/articles/Hamlets_Mill__Santillana_Dechend/18_The_Galaxy/
१८ अषाढाः 	 naxatram/chAndra-naxatram/27-vibhAgaH/18_aShADhAH/
१८ आर्यभट-प्रथम 	 kAla-mAnam/history/articles/saMskRta-vANmaya-bRhad-itihAsa/18_AryabhaTa-prathama/
19 	 observation/history/articles/Hamlets_Mill__Santillana_Dechend/26_Appendices/19/
19 	 observation/history/articles/Hamlets_Mill__Santillana_Dechend/27_Notes/19/
19 The Fall of Phaethon 	 observation/history/articles/Hamlets_Mill__Santillana_Dechend/19_The_Fall_of_Phaethon/
१९ अषाढाः 	 naxatram/chAndra-naxatram/27-vibhAgaH/19_aShADhAH/
१९ भारतीय ज्योतिष में जैन परम्परा 	 kAla-mAnam/history/articles/saMskRta-vANmaya-bRhad-itihAsa/19_bhAratIya_jyotiSha_meM_jaina_paramparA/
2 Units of time and Adhikamasa (intercalary month) 	 kAla-mAnam/kauNDinyAyana/articles/english/chronology_2_adhikamAsa/
२ अधिकमासव्यवस्था 	 kAla-mAnam/kauNDinyAyana/articles/sanskrit/kAlagaNanA_2_adhikamAsavyavasthA/
20 	 observation/history/articles/Hamlets_Mill__Santillana_Dechend/26_Appendices/20/
20 	 observation/history/articles/Hamlets_Mill__Santillana_Dechend/27_Notes/20/
20 The Depths of the Sea 	 observation/history/articles/Hamlets_Mill__Santillana_Dechend/20_The_Depths_of_the_Sea/
२० अभिजित् 	 naxatram/chAndra-naxatram/27-vibhAgaH/20_abhijit/
२० ब्रह्मगुप्त 	 kAla-mAnam/history/articles/saMskRta-vANmaya-bRhad-itihAsa/20_brahmagupta/
२० श्रोणा 	 naxatram/chAndra-naxatram/27-vibhAgaH/20_shroNA/
21 	 observation/history/articles/Hamlets_Mill__Santillana_Dechend/26_Appendices/21/
21 	 observation/history/articles/Hamlets_Mill__Santillana_Dechend/27_Notes/21/
21 The Great Pan Is Dead 	 observation/history/articles/Hamlets_Mill__Santillana_Dechend/21_The_Great_Pan_Is_Dead/
२१ भास्कराचार्य-द्वितीय 	 kAla-mAnam/history/articles/saMskRta-vANmaya-bRhad-itihAsa/21_bhAskarAchArya-dvitIya/
२१ श्रविष्ठा 	 naxatram/chAndra-naxatram/27-vibhAgaH/21_shraviShThA/
22 	 observation/history/articles/Hamlets_Mill__Santillana_Dechend/26_Appendices/22/
22 	 observation/history/articles/Hamlets_Mill__Santillana_Dechend/27_Notes/22/
22 The Adventure and the Quest 	 observation/history/articles/Hamlets_Mill__Santillana_Dechend/22_The_Adventure_and_the_Quest/
२२ शतभिषा 	 naxatram/chAndra-naxatram/27-vibhAgaH/22_shatabhiShA/
२२ होरा स्कन्ध विमर्श 	 kAla-mAnam/history/articles/saMskRta-vANmaya-bRhad-itihAsa/22_horA_skandha_vimarsha/
23 	 observation/history/articles/Hamlets_Mill__Santillana_Dechend/26_Appendices/23/
23 	 observation/history/articles/Hamlets_Mill__Santillana_Dechend/27_Notes/23/
23 Gilgamesh and Prometheus 	 observation/history/articles/Hamlets_Mill__Santillana_Dechend/23_Gilgamesh_and_Prometheus/
२३ प्रोष्ठपदः 	 naxatram/chAndra-naxatram/27-vibhAgaH/23_proShThapadaH/
२३ सिद्धान्तज्योतिष 	 kAla-mAnam/history/articles/saMskRta-vANmaya-bRhad-itihAsa/23_siddhAntajyotiSha/
24 	 observation/history/articles/Hamlets_Mill__Santillana_Dechend/26_Appendices/24/
24 EPILOGUE — The Lost Treasure 	 observation/history/articles/Hamlets_Mill__Santillana_Dechend/24_EPILOGUE_The_Lost_Treasure/
२४ प्रोष्ठपदः 	 naxatram/chAndra-naxatram/27-vibhAgaH/24_proShThapadaH/
25 	 observation/history/articles/Hamlets_Mill__Santillana_Dechend/26_Appendices/25/
25 CONCLUSION 	 observation/history/articles/Hamlets_Mill__Santillana_Dechend/25_CONCLUSION/
२५ रेवती 	 naxatram/chAndra-naxatram/27-vibhAgaH/25_revatI/
26 	 observation/history/articles/Hamlets_Mill__Santillana_Dechend/26_Appendices/26/
२६ अश्विनी 	 naxatram/chAndra-naxatram/27-vibhAgaH/26_ashvinI/
27 	 observation/history/articles/Hamlets_Mill__Santillana_Dechend/26_Appendices/27/
२७ भरणी 	 naxatram/chAndra-naxatram/27-vibhAgaH/27_bharaNI/
28 	 observation/history/articles/Hamlets_Mill__Santillana_Dechend/26_Appendices/28/
29 	 observation/history/articles/Hamlets_Mill__Santillana_Dechend/26_Appendices/29/
3 vedAnga-jyotiSha 	 kAla-mAnam/kauNDinyAyana/articles/english/chronology_3_vedAngajyotiSham/
३ वेदाङ्गज्योतिषम् 	 kAla-mAnam/kauNDinyAyana/articles/sanskrit/kAlagaNanA_3_vedAngajyotiSham/
30 	 observation/history/articles/Hamlets_Mill__Santillana_Dechend/26_Appendices/30/
31 	 observation/history/articles/Hamlets_Mill__Santillana_Dechend/26_Appendices/31/
32 	 observation/history/articles/Hamlets_Mill__Santillana_Dechend/26_Appendices/32/
33 	 observation/history/articles/Hamlets_Mill__Santillana_Dechend/26_Appendices/33/
34 	 observation/history/articles/Hamlets_Mill__Santillana_Dechend/26_Appendices/34/
35 	 observation/history/articles/Hamlets_Mill__Santillana_Dechend/26_Appendices/35/
36 	 observation/history/articles/Hamlets_Mill__Santillana_Dechend/26_Appendices/36/
37 	 observation/history/articles/Hamlets_Mill__Santillana_Dechend/26_Appendices/37/
38 	 observation/history/articles/Hamlets_Mill__Santillana_Dechend/26_Appendices/38/
39 	 observation/history/articles/Hamlets_Mill__Santillana_Dechend/26_Appendices/39/
Akṣara the Basic Unit of Time 	 astrophysics/history/akShara-time/
Asterisms 	 astrophysics/history/asterisms/
Astrology 	 astrophysics/history/astrology/
BCE 0200 - Vernal equinox at ashvinI 	 observation/history/hindu/precession_records/equinoctial_records/BCE_0200_-_Vernal_equinox_at_ashvinI/
BCE 0800 	 observation/history/hindu/precession_records/equinoctial_records/BCE_0800/
BCE 1000 - Summer solstice at AshreShA (shrAvaNa monsoons) 	 observation/history/hindu/precession_records/equinoctial_records/BCE_1000_-_Summer_solstice_at_AshreShA_shrAvaNa_monsoons/
BCE 1300 - Solstice : shraviShThAdi 	 observation/history/hindu/precession_records/equinoctial_records/BCE_1300_-_Solstice_shraviShThAdi/
BCE 1800 solistice at shraviShThArdha 	 observation/history/hindu/precession_records/equinoctial_records/BCE_1800_solistice_at_shraviShThArdha/
BCE 2300 - Vernal equinox at kRttikA 	 observation/history/hindu/precession_records/equinoctial_records/BCE_2300_-_Vernal_equinox_at_kRttikA/
BCE 3000 - Vernal equinox at rohiNI 	 observation/history/hindu/precession_records/equinoctial_records/BCE_3000_-_Vernal_equinox_at_rohiNI/
BCE 4500 - Equinox at mRgashIrSha/ prajApati 	 observation/history/hindu/precession_records/equinoctial_records/BCE_4500_-_Equinox_at_mRgashIrSha_prajApati/
Categories 	 categories/
CE 0550 - varAhamihira 	 observation/history/hindu/precession_records/equinoctial_records/CE_0550_-_varAhamihira/
CE 1150 	 observation/history/hindu/precession_records/equinoctial_records/CE_1150/
CE 2020 	 observation/history/hindu/precession_records/equinoctial_records/CE_2020/
comet-interest 	 astrophysics/history/articles/MT/comet-interest/
Coordinates 	 mAnam/coordinates/
Diurnal plane and apps 	 mAnam/diurnal_plane/
Early ayanAMsha offset records 	 observation/history/hindu/precession_records/Early_ayanAMsha_offset_records/
Eclipse 	 astrophysics/eclipse/
Eclipses and science 	 observation/history/hindu/eclipse/articles/MT/eclipses_and_science/
Equinoctial full-moon brahmANDa-purANa, summer solstice 	 observation/history/hindu/articles/RNI/equinoctial-full-moon_brahmANDa-purANa_summer-solstice_maghA/
Eras 	 mAnam/eras/
Gravity-like forces 	 astrophysics/history/gravity/
Groundwater-pole 	 astrophysics/articles/groundwater-pole/
Half year length 	 kAla-mAnam/saura-mAnam/half_year_length/
Heliocentrism, spherical earth … 	 astrophysics/history/heliocentrism_spherical_flat_earth/
Hindu chIna astronomers 	 observation/history/hindu/articles/hindu-chIna-astronomers/
January-new-year-defence 	 kAla-mAnam/Artava-mAnam/january-new-year-defence/
Jovian year 	 mAnam/jovian_year/
Meteor 	 meteor/
Mongol naxatra names 	 naxatram/chAndra-naxatram/meta/articles/MT/mongol-naxatra-names/
Moon 	 astrophysics/history/moon/
Mythemes 	 observation/history/mythemes/
National nirayaNa calendar 	 kAla-mAnam/saura-mAnam/national_nirayaNa_calendar/
Newton on Precession 	 kAla-mAnam/history/articles/calendar_reform_comittee_report/04_PART_C_History_of_the_Calendar/05_Calendaric_Astronomy/10_Newton_explanation_of_precession/
Nidhin discovery 	 kAla-mAnam/history/articles/tipu/nidhin_discovery_news18/
Nīlakaṇṭha Somayājī-s wisdom 	 observation/history/hindu/articles/gaNitamUlatve_nIlakaNThaH/
parAshara: solar zodiac and agastya 	 observation/history/hindu/articles/RNI/parAshara_solar-zodiac_and_agastya/
prAchyam on weekdays 	 kAla-mAnam/history/articles/prAchyam_on_weekdays/
Predictions 	 predictions/
Rajāmsi 	 astrophysics/history/articles/MT/rajAMsi/
Rajāmsi 	 kAla-mAnam/history/articles/MT/rajAMsi/
Record of pole stars 	 observation/history/hindu/precession_records/Record_of_pole_stars/
sahasra-chandrodaya-darshanam 	 kAla-mAnam/history/articles/sahasra-chandrodaya-darshanam/
Shankar dIxit 	 kAla-mAnam/history/articles/MT/shankar-dIxit/
ShrIramaNa on uttarAyaNArambha 	 observation/history/hindu/articles/shrIramaNa_on_uttarAyaNArambha/
Sun-rise-set 	 kAla-mAnam/saura-mAnam/sun-rise-set/
Sun's orbit in brAhmaNas 	 kAla-mAnam/history/articles/kAka-subhAShaH/solar_orbit_brAhmaNas_subhASh_kAk/
Tags 	 tags/
Temple Cosmology- kAk 	 kAla-mAnam/history/articles/kAka-subhAShaH/temple_astronomy_subhash_kak/
Tippu's maulUdi - frontline 	 kAla-mAnam/history/articles/tipu/Tipu-maulUdi-frontline/
Tipu's calendar 	 mAnam/Tipu/
Trepidation 	 astrophysics/history/Trepidation/
Universes 	 astrophysics/history/universes/
UttarAyaNa start 	 observation/history/hindu/precession_records/uttarAyaNa-start/
Wheel of earth - agni 	 observation/history/hindu/precession_records/equinoctial_records/articles/MT/wheel_of_earth_agni/
अद्भुतसागरः 	 kAla-mAnam/history/prakIrNam/adbhutasAgaraH/
अधि(क)मासपरीक्षा 	 kAla-mAnam/history/prakIrNam/adhikamAsaparIxA/
अधिकमासः 	 kAla-mAnam/saura-chAndra-mAnam/adhikamAsa/
अधिकमासगणनम् 	 kAla-mAnam/kauNDinyAyana/adhika-mAsa-gaNanam/
अयनारम्भः 	 kAla-mAnam/saura-mAnam/solstice/
आर्यभटीयम् 	 kAla-mAnam/history/AryabhaTaH/AryabhaTIyam/
आर्यभटीयम् (द्वितीयो भागः) 	 kAla-mAnam/history/AryabhaTaH/AryabhaTIyam_dvitIyo_bhAgaH/
आर्यभटीयम् गणितपादः 	 kAla-mAnam/history/AryabhaTaH/AryabhaTIyam_gaNitapAdaH/
आर्यभटीयम् भास्करभाष्यसहितम् 	 kAla-mAnam/history/AryabhaTaH/AryabhaTIyam_saTIkam/
ऋग्वेदवेदाङ्गज्योतिष्यम् 	 kAla-mAnam/history/prakIrNam/RgvedavedAngajyotiShyam/
कर्मविपाकसंहिता (नक्षत्रचरणफलदर्शिका) 	 kAla-mAnam/history/prakIrNam/karmavipAkasaMhitA_naxatracharaNaphaladarshikA/
कादम्बिनी 	 kAla-mAnam/history/prakIrNam/madhusUdanajI-sharmA-ojhA/kAdambinI/
कालमाधवः 	 kAla-mAnam/history/prakIrNam/shrI_mAdhavAchAryaH/kAlamAdhavaH/
कालमाधवकारिका 	 kAla-mAnam/history/prakIrNam/vinAyaka-gaNesha-ApaTe/kAlamAdhavakArikA/
कृष्णीयम् 	 kAla-mAnam/history/prakIrNam/shrI_kRShNAchAryarachitam/kRShNIyam/
खण्डखाद्यकं-करणम् 	 kAla-mAnam/history/prakIrNam/brahmaguptaH/khaNDakhAdyakaM-karaNam/
गणितसारसङ्ग्रहः 	 kAla-mAnam/history/prakIrNam/mahAvIrAchAryaH/gaNitasArasangrahaH/
गोलदीपिका 	 kAla-mAnam/history/prakIrNam/parameshvaraH/goladIpikA/
गोलाध्यायः 	 kAla-mAnam/history/prakIrNam/bhAskarAchAryaH/golAdhyAyaH/
चमत्कारचिन्तामणि 	 kAla-mAnam/history/prakIrNam/nArAyaNa-bhaTTaH/chamatkArachintAmaNi/
जन्मपत्रदीपकः 	 kAla-mAnam/history/prakIrNam/shrI.vindhyeshvarI-prasAda-dvivedI/janmapatradIpakaH/
जरद्-गव-श्रुतिः 	 observation/history/hindu/precession_records/direct_acknowledgement/jarad-gava-shrutiH/
जातकचांद्रिका 	 kAla-mAnam/history/prakIrNam/jAtakachAMdrikA/
जातकतत्तवम् 	 kAla-mAnam/history/prakIrNam/mahAdevaH/jAtakatattavam/
जातकपारिजातः 	 kAla-mAnam/history/prakIrNam/jAtakapArijAtaH/
जातकालङ्कारः 	 kAla-mAnam/history/prakIrNam/gaNeshakaviH/jAtakAlankAraH/
जातकालङ्कारः (संस्कृत-हिन्दीटीकाद्वयोपेतम्) 	 kAla-mAnam/history/prakIrNam/gaNeshadaivajnaH/jAtakAlankAraH_saMskRta-hindITIkAdvayopetam/
जातकालङ्कारः (संस्कृतटीका-प्रज्ञावर्धिनी-हिन्दीटीकाद्वयोपेतम्) 	 kAla-mAnam/history/prakIrNam/shrIgaNeshakaviH/jAtakAlankAraH_saMskRtaTIkA-prajnAvardhinI-hindITI/
जैमिनिसूत्रम् 	 kAla-mAnam/history/prakIrNam/jaiminiH/jaiminisUtram/
जैमिनीयसूत्राणि 	 kAla-mAnam/history/prakIrNam/jaiminiH/jaiminIyasUtrANi/
ज्योतिर्निबन्धः 	 kAla-mAnam/history/prakIrNam/shivarAjaH/jyotirnibandhaH/
ज्योतिर्मीमांसा 	 astrophysics/history/jyotir-mImAMsA/
ज्योतिष-सर्व-संग्रहः 	 kAla-mAnam/history/prakIrNam/rAmasvarUpa-sharmmA/jyotiSha-sarva-saMgrahaH/
ज्योतिष्-चक्रम् 	 naxatram/chAndra-naxatram/meta/articles/MT/jyotiSh-chakram/
टिकनिकयात्रा 	 kAla-mAnam/history/prakIrNam/TikanikayAtrA/
तारामण्डलानि 	 naxatram/tArAmaNDala/
दैवज्ञकामधेनुः 	 kAla-mAnam/history/prakIrNam/anavamadarshI-sangharAjaH/daivajnakAmadhenuH/
दैवज्ञवल्लभा 	 kAla-mAnam/history/prakIrNam/varAhamihirA/daivajnavallabhA/
दैवज्ञवल्लभा 	 kAla-mAnam/history/prakIrNam/varAhamihiraH/daivajnavallabhA/
नरेश्वपरीक्षा 	 kAla-mAnam/history/prakIrNam/nareshvaparIxA/
निधिप्रदीपः 	 kAla-mAnam/history/prakIrNam/shrIsiddhashrIkaNThashambhuH/nidhipradIpaH/
पञ्चस्वराभिधः 	 kAla-mAnam/history/prakIrNam/prajapatidAsadaivajnaH/panchasvarAbhidhaH/
पूर्वाह्णापराह्णभेदः 	 mAnam/pUrvAhNa_vs_aparAhNa/
प्रयोजनम् 	 prayojanam/
प्रश्नारूढफलम् 	 kAla-mAnam/history/prakIrNam/naTeshashAstrI/prashnArUDhaphalam/
फलदीपिका 	 kAla-mAnam/history/prakIrNam/phaladIpikA/
फलदीपिका (मूलमात्रम् ) 	 kAla-mAnam/history/prakIrNam/mantreshvaraH/phaladIpikA_mUlamAtram_/
बीजगणितभास्करः 	 kAla-mAnam/history/prakIrNam/bIjagaNitabhAskaraH/
बीजगणितम् संस्कृत-हिन्दी-व्याख्यासहितम् 	 kAla-mAnam/history/prakIrNam/bhAskarAchAryaH/bIjagaNitam_saMskRta-hindI-vyAkhyAsahitam/
बृहपाराशरहोराशास्त्रम् 	 kAla-mAnam/history/prakIrNam/bRhapArAsharahorAshAstram/
ब्रह्मस्फुटसिद्धान्तः 	 kAla-mAnam/history/prakIrNam/brahmasphuTasiddhAntaH/
भट्टभास्करमतम् 	 astrophysics/history/paurANika-darshanam/bhatta-bhaskara-matam/
भूगोल-निर्णयः 	 astrophysics/history/paurANika-darshanam/bhUgola-nirNayaH/
भृगुसूत्रम् 	 kAla-mAnam/history/prakIrNam/bhRgusUtram/
मञ्जुश्रीय-मूलकल्प-नक्षत्राणि 	 naxatram/chAndra-naxatram/meta/articles/MT/manjushrIya-mUlakalpa-naxatras/
मनुष्यालयचन्द्रिका 	 kAla-mAnam/history/prakIrNam/manuShyAlayachandrikA/
माध्यन्दिनीयशिक्षा 	 kAla-mAnam/history/prakIrNam/mAdhyandinIyashixA/
मानसारम् 	 kAla-mAnam/history/prakIrNam/mAnasAram/
मुहूर्तचिन्तामणिः 	 kAla-mAnam/history/prakIrNam/muhUrtachintAmaNiH/
मैत्रायणीयोपनिषत् 	 observation/history/hindu/precession_records/direct_acknowledgement/maitrAyaNIyopaniShat/
याजुष-ज्यौतिषं 	 kAla-mAnam/history/prakIrNam/shrIjAnakIvallabhaH/yAjuSha-jyautiShaM/
याजुषज्योतिष्यम् 	 kAla-mAnam/history/prakIrNam/yAjuShajyotiShyam/
योगयात्रा 	 kAla-mAnam/history/prakIrNam/yogayAtrA/
योगयात्रा-२ 	 kAla-mAnam/history/prakIrNam/yogayAtrA-2/
लघुजातकम् 	 kAla-mAnam/history/prakIrNam/varAhamihiraH/laghujAtakam/
लघुजातकम् (संस्कृतटीका-सोदाहरणभाषाव्याख्यानसहितम्) 	 kAla-mAnam/history/prakIrNam/varAhamihirAchAryaH/laghujAtakam_saMskRtaTIkA-sodAharaNabhAShAvyAkhyAn/
लघुपाराशरी (उदुदायप्रदीपः) 	 kAla-mAnam/history/prakIrNam/parAsharaH/laghupArAsharI_ududAyapradIpaH/
वाक्यपञ्चाङ्गम् 	 kAla-mAnam/history/vAkyapanchAngam/
वासरः weekdays 	 kAla-mAnam/history/vAsaraH_weekdays/
विद्यामाधवीयम् (तृतीयसम्पुटम्) 	 kAla-mAnam/history/prakIrNam/vidyAmAdhavaH/vidyAmAdhavIyam_tRtIyasampuTam/
विद्यामाधवीयम् (द्वितीयसम्पुटम्) 	 kAla-mAnam/history/prakIrNam/vidyAmAdhavaH/vidyAmAdhavIyam_dvitIyasampuTam/
विद्यामाधवीयम् (प्रथमसम्पुटम्) 	 kAla-mAnam/history/prakIrNam/vidyAmAdhavaH/vidyAmAdhavIyam_prathamasampuTam/
विवाहपटलम् 	 kAla-mAnam/history/prakIrNam/vivAhapaTalam/
विवाहवृन्दावनम् (शिवकरीभाषाटीकायुतम्) 	 kAla-mAnam/history/prakIrNam/vivAhavRndAvanam_shivakarIbhAShATIkAyutam/
विश्वकर्म-वास्तुशास्त्रम् 	 kAla-mAnam/history/prakIrNam/vishvakarma-vAstushAstram/
विश्वहितम् 	 kAla-mAnam/history/prakIrNam/paNDita_vishvambharaH_jyotiShArNAvaH/vishvahitam/
विष्ण्व्-अवतार-कथा-सम्बन्धः 	 observation/history/hindu/precession_records/direct_acknowledgement/viShNv-avatArAH/
वृद्धयवनजातकम् 	 kAla-mAnam/history/prakIrNam/vRddhayavanajAtakam/
षट्पंचाशिका 	 kAla-mAnam/history/prakIrNam/shrI_bhaTTotpalaH/ShaTpaMchAshikA/
षट्पञ्चाशिका 	 kAla-mAnam/history/prakIrNam/pRthuyashaH/ShaTpanchAshikA/
सामन्तचन्द्रशेखरः 	 observation/history/hindu/sAmanta-chandrashekharaH/
सारावली 	 kAla-mAnam/history/prakIrNam/kalyANavarmA/sArAvalI/
सूर्यसिद्धान्तः 	 kAla-mAnam/history/prakIrNam/ranganAthaH/sUryasiddhAntaH/
सूर्यसिद्धान्तः 	 kAla-mAnam/history/prakIrNam/sUryasiddhAntaH/
सूर्यसिद्धान्तः सटीकः 	 kAla-mAnam/history/sUrya-siddhAntaH_saTIkaH/
होराशास्त्रम् 	 kAla-mAnam/history/prakIrNam/varAhamihiraH/horAshAstram/
பூகோளககோள விஷயம் 	 astrophysics/history/paurANika-darshanam/bhUgola-khagola-nirNayam/
🥽🔦 	 search/
